epoch,train_kl,valid_kl,lr
1,1.1033501466926263,1.2180890474408705,0.001
