eeg_id,seizure_vote,lpd_vote,gpd_vote,lrda_vote,grda_vote,other_vote
3911565283,0.017139233648777008,0.05031206086277962,0.016170449554920197,0.16190753877162933,0.18886880576610565,0.5656018853187561
