eeg_id,seizure_vote,lpd_vote,gpd_vote,lrda_vote,grda_vote,other_vote
3911565283,0.1162109375,0.33251953125,0.0057220458984375,0.319091796875,0.05950927734375,0.1669921875
